{"test@user": [{"input_data": {"cc_num": {"0": "43837263432"}, "zip": {"0": "473864"}, "lat": {"0": "47"}, "long": {"0": "-12"}, "city_pop": {"0": "2345434"}, "merchant_fraud_Abbott-Rogahn": {"0": 0}, "merchant_fraud_Abbott-Steuber": {"0": 0}, "merchant_fraud_Abernathy and Sons": {"0": 0}, "merchant_fraud_Abshire PLC": {"0": 0}, "merchant_fraud_Adams, Kovacek and Kuhlman": {"0": 0}, "merchant_fraud_Adams-Barrows": {"0": 0}, "merchant_fraud_Altenwerth, Cartwright and Koss": {"0": 0}, "merchant_fraud_Altenwerth-Kilback": {"0": 0}, "merchant_fraud_Ankunding LLC": {"0": 0}, "merchant_fraud_Ankunding-Carroll": {"0": 0}, "merchant_fraud_Armstrong, Walter and Gottlieb": {"0": 0}, "merchant_fraud_Auer LLC": {"0": 0}, "merchant_fraud_Auer-Mosciski": {"0": 0}, "merchant_fraud_Auer-West": {"0": 0}, "merchant_fraud_Bahringer Group": {"0": 0}, "merchant_fraud_Bahringer, Bergnaum and Quitzon": {"0": 0}, "merchant_fraud_Bahringer, Osinski and Block": {"0": 0}, "merchant_fraud_Bahringer, Schoen and Corkery": {"0": 0}, "merchant_fraud_Bahringer-Larson": {"0": 0}, "merchant_fraud_Bahringer-Streich": {"0": 0}, "merchant_fraud_Bailey-Morar": {"0": 0}, "merchant_fraud_Balistreri-Nader": {"0": 0}, "merchant_fraud_Barrows PLC": {"0": 0}, "merchant_fraud_Bartoletti and Sons": {"0": 0}, "merchant_fraud_Bartoletti-Wunsch": {"0": 0}, "merchant_fraud_Barton Inc": {"0": 0}, "merchant_fraud_Barton LLC": {"0": 0}, "merchant_fraud_Bashirian Group": {"0": 0}, "merchant_fraud_Bauch-Blanda": {"0": 0}, "merchant_fraud_Bauch-Raynor": {"0": 0}, "merchant_fraud_Baumbach Ltd": {"0": 0}, "merchant_fraud_Baumbach, Feeney and Morar": {"0": 0}, "merchant_fraud_Baumbach, Hodkiewicz and Walsh": {"0": 0}, "merchant_fraud_Baumbach, Strosin and Nicolas": {"0": 0}, "merchant_fraud_Bechtelar-Rippin": {"0": 0}, "merchant_fraud_Becker, Harris and Harvey": {"0": 0}, "merchant_fraud_Bednar Group": {"0": 0}, "merchant_fraud_Bednar Inc": {"0": 0}, "merchant_fraud_Bednar PLC": {"0": 0}, "merchant_fraud_Beer-Jast": {"0": 0}, "merchant_fraud_Beier LLC": {"0": 0}, "merchant_fraud_Beier and Sons": {"0": 0}, "merchant_fraud_Beier-Hyatt": {"0": 0}, "merchant_fraud_Berge LLC": {"0": 0}, "merchant_fraud_Berge, Kautzer and Harris": {"0": 0}, "merchant_fraud_Berge-Hills": {"0": 0}, "merchant_fraud_Berge-Ullrich": {"0": 0}, "merchant_fraud_Bernhard Inc": {"0": 0}, "merchant_fraud_Bernhard, Grant and Langworth": {"0": 0}, "merchant_fraud_Bernhard-Lesch": {"0": 0}, "merchant_fraud_Bernier and Sons": {"0": 0}, "merchant_fraud_Bernier, Streich and Jewess": {"0": 0}, "merchant_fraud_Bernier, Volkman and Hoeger": {"0": 0}, "merchant_fraud_Bins, Balistreri and Beatty": {"0": 0}, "merchant_fraud_Bins-Howell": {"0": 0}, "merchant_fraud_Bins-Rice": {"0": 0}, "merchant_fraud_Bins-Tillman": {"0": 0}, "merchant_fraud_Block Group": {"0": 0}, "merchant_fraud_Block-Hauck": {"0": 0}, "merchant_fraud_Block-Parisian": {"0": 0}, "merchant_fraud_Bode-Rempel": {"0": 0}, "merchant_fraud_Bode-Schuster": {"0": 0}, "merchant_fraud_Boehm, Block and Jakubowski": {"0": 0}, "merchant_fraud_Boehm, Predovic and Reinger": {"0": 0}, "merchant_fraud_Bogisich Inc": {"0": 0}, "merchant_fraud_Bogisich-Homenick": {"0": 0}, "merchant_fraud_Bogisich-Weimann": {"0": 0}, "merchant_fraud_Botsford Ltd": {"0": 0}, "merchant_fraud_Botsford PLC": {"0": 0}, "merchant_fraud_Botsford and Sons": {"0": 0}, "merchant_fraud_Boyer PLC": {"0": 0}, "merchant_fraud_Boyer-Haley": {"0": 0}, "merchant_fraud_Boyer-Reichert": {"0": 0}, "merchant_fraud_Bradtke PLC": {"0": 0}, "merchant_fraud_Bradtke, Torp and Bahringer": {"0": 0}, "merchant_fraud_Breitenberg LLC": {"0": 0}, "merchant_fraud_Breitenberg-Hermiston": {"0": 0}, "merchant_fraud_Brekke and Sons": {"0": 0}, "merchant_fraud_Brown Inc": {"0": 0}, "merchant_fraud_Brown PLC": {"0": 0}, "merchant_fraud_Brown, Homenick and Lesch": {"0": 0}, "merchant_fraud_Brown-Greenholt": {"0": 0}, "merchant_fraud_Bruen-Yost": {"0": 0}, "merchant_fraud_Buckridge PLC": {"0": 0}, "merchant_fraud_Carroll PLC": {"0": 0}, "merchant_fraud_Cartwright PLC": {"0": 0}, "merchant_fraud_Cartwright-Harris": {"0": 0}, "merchant_fraud_Casper, Hand and Zulauf": {"0": 0}, "merchant_fraud_Cassin-Harvey": {"0": 0}, "merchant_fraud_Champlin and Sons": {"0": 0}, "merchant_fraud_Champlin, Rolfson and Connelly": {"0": 0}, "merchant_fraud_Champlin-Casper": {"0": 0}, "merchant_fraud_Christiansen, Goyette and Schamberger": {"0": 0}, "merchant_fraud_Christiansen-Gusikowski": {"0": 0}, "merchant_fraud_Cole PLC": {"0": 0}, "merchant_fraud_Cole, Hills and Jewess": {"0": 0}, "merchant_fraud_Collier Inc": {"0": 0}, "merchant_fraud_Collier LLC": {"0": 0}, "merchant_fraud_Connelly PLC": {"0": 0}, "merchant_fraud_Connelly, Reichert and Fritsch": {"0": 0}, "merchant_fraud_Connelly-Carter": {"0": 0}, "merchant_fraud_Conroy Ltd": {"0": 0}, "merchant_fraud_Conroy, Balistreri and Gorczany": {"0": 0}, "merchant_fraud_Conroy-Cruickshank": {"0": 0}, "merchant_fraud_Conroy-Emard": {"0": 0}, "merchant_fraud_Cormier LLC": {"0": 0}, "merchant_fraud_Cormier, Stracke and Thiel": {"0": 0}, "merchant_fraud_Corwin-Collins": {"0": 0}, "merchant_fraud_Corwin-Gorczany": {"0": 0}, "merchant_fraud_Corwin-Romaguera": {"0": 0}, "merchant_fraud_Cremin, Hamill and Reichel": {"0": 0}, "merchant_fraud_Crist, Jakubowski and Littel": {"0": 0}, "merchant_fraud_Crona and Sons": {"0": 0}, "merchant_fraud_Cronin, Kshlerin and Weber": {"0": 0}, "merchant_fraud_Crooks and Sons": {"0": 0}, "merchant_fraud_Cruickshank-Mills": {"0": 0}, "merchant_fraud_Cummerata-Hilpert": {"0": 0}, "merchant_fraud_Cummerata-Jones": {"0": 0}, "merchant_fraud_Cummings Group": {"0": 0}, "merchant_fraud_Cummings LLC": {"0": 0}, "merchant_fraud_Dach-Borer": {"0": 0}, "merchant_fraud_Dach-Nader": {"0": 0}, "merchant_fraud_Dare, Casper and Bartoletti": {"0": 0}, "merchant_fraud_Dare, Fritsch and Zboncak": {"0": 0}, "merchant_fraud_Dare-Gibson": {"0": 0}, "merchant_fraud_Dare-Marvin": {"0": 0}, "merchant_fraud_Daugherty LLC": {"0": 0}, "merchant_fraud_Daugherty, Pouros and Beahan": {"0": 0}, "merchant_fraud_Daugherty-Thompson": {"0": 0}, "merchant_fraud_Deckow-Dare": {"0": 0}, "merchant_fraud_Deckow-O'Conner": {"0": 0}, "merchant_fraud_Denesik and Sons": {"0": 0}, "merchant_fraud_Denesik, Powlowski and Pouros": {"0": 0}, "merchant_fraud_Dibbert and Sons": {"0": 0}, "merchant_fraud_Dibbert-Green": {"0": 0}, "merchant_fraud_Dicki Ltd": {"0": 0}, "merchant_fraud_Dickinson Ltd": {"0": 0}, "merchant_fraud_Dickinson-Rempel": {"0": 0}, "merchant_fraud_Dietrich-Fadel": {"0": 0}, "merchant_fraud_Donnelly LLC": {"0": 0}, "merchant_fraud_Donnelly PLC": {"0": 0}, "merchant_fraud_Dooley Inc": {"0": 0}, "merchant_fraud_Dooley-Thompson": {"0": 0}, "merchant_fraud_Douglas, DuBuque and McKenzie": {"0": 0}, "merchant_fraud_Douglas, Schneider and Turner": {"0": 0}, "merchant_fraud_Douglas-White": {"0": 0}, "merchant_fraud_Doyle Ltd": {"0": 0}, "merchant_fraud_DuBuque LLC": {"0": 0}, "merchant_fraud_Durgan, Gislason and Spencer": {"0": 0}, "merchant_fraud_Durgan-Auer": {"0": 0}, "merchant_fraud_Ebert-Daugherty": {"0": 0}, "merchant_fraud_Effertz LLC": {"0": 0}, "merchant_fraud_Effertz, Welch and Schowalter": {"0": 0}, "merchant_fraud_Eichmann, Bogan and Rodriguez": {"0": 0}, "merchant_fraud_Eichmann, Hayes and Treutel": {"0": 0}, "merchant_fraud_Eichmann-Kilback": {"0": 0}, "merchant_fraud_Eichmann-Russel": {"0": 0}, "merchant_fraud_Emard Inc": {"0": 0}, "merchant_fraud_Emmerich-Luettgen": {"0": 0}, "merchant_fraud_Emmerich-Rau": {"0": 0}, "merchant_fraud_Erdman-Durgan": {"0": 0}, "merchant_fraud_Erdman-Ebert": {"0": 0}, "merchant_fraud_Erdman-Kertzmann": {"0": 0}, "merchant_fraud_Erdman-Schaden": {"0": 0}, "merchant_fraud_Ernser-Feest": {"0": 0}, "merchant_fraud_Ernser-Lynch": {"0": 0}, "merchant_fraud_Fadel Inc": {"0": 0}, "merchant_fraud_Fadel, Mertz and Rippin": {"0": 0}, "merchant_fraud_Fadel-Hilpert": {"0": 0}, "merchant_fraud_Fahey Inc": {"0": 0}, "merchant_fraud_Feil, Hilpert and Koss": {"0": 0}, "merchant_fraud_Feil-Morar": {"0": 0}, "merchant_fraud_Ferry, Lynch and Kautzer": {"0": 0}, "merchant_fraud_Ferry, Reichel and DuBuque": {"0": 0}, "merchant_fraud_Fisher Inc": {"0": 0}, "merchant_fraud_Fisher-Schowalter": {"0": 0}, "merchant_fraud_Flatley Group": {"0": 0}, "merchant_fraud_Flatley-Durgan": {"0": 0}, "merchant_fraud_Frami Group": {"0": 0}, "merchant_fraud_Friesen Inc": {"0": 0}, "merchant_fraud_Friesen Ltd": {"0": 0}, "merchant_fraud_Friesen-D'Amore": {"0": 0}, "merchant_fraud_Friesen-Ortiz": {"0": 0}, "merchant_fraud_Friesen-Stamm": {"0": 0}, "merchant_fraud_Fritsch LLC": {"0": 0}, "merchant_fraud_Fritsch and Sons": {"0": 0}, "merchant_fraud_Funk Group": {"0": 0}, "merchant_fraud_Gaylord-Powlowski": {"0": 0}, "merchant_fraud_Gerhold LLC": {"0": 0}, "merchant_fraud_Gerlach Inc": {"0": 0}, "merchant_fraud_Gibson-Deckow": {"0": 0}, "merchant_fraud_Gislason Group": {"0": 0}, "merchant_fraud_Gleason and Sons": {"0": 0}, "merchant_fraud_Gleason-Macejkovic": {"0": 0}, "merchant_fraud_Goldner, Kovacek and Abbott": {"0": 0}, "merchant_fraud_Goldner-Lemke": {"0": 0}, "merchant_fraud_Goodwin-Nitzsche": {"0": 0}, "merchant_fraud_Gottlieb Group": {"0": 0}, "merchant_fraud_Gottlieb, Considine and Schultz": {"0": 0}, "merchant_fraud_Gottlieb-Hansen": {"0": 0}, "merchant_fraud_Goyette Inc": {"0": 0}, "merchant_fraud_Goyette, Howell and Collier": {"0": 0}, "merchant_fraud_Goyette-Gerhold": {"0": 0}, "merchant_fraud_Goyette-Herzog": {"0": 0}, "merchant_fraud_Graham and Sons": {"0": 0}, "merchant_fraud_Graham, Hegmann and Hammes": {"0": 0}, "merchant_fraud_Greenfelder, Bartoletti and Davis": {"0": 0}, "merchant_fraud_Greenholt Ltd": {"0": 0}, "merchant_fraud_Greenholt, Jacobi and Gleason": {"0": 0}, "merchant_fraud_Greenholt, O'Hara and Balistreri": {"0": 0}, "merchant_fraud_Grimes LLC": {"0": 0}, "merchant_fraud_Gulgowski LLC": {"0": 0}, "merchant_fraud_Gutmann Ltd": {"0": 0}, "merchant_fraud_Gutmann, McLaughlin and Wiza": {"0": 0}, "merchant_fraud_Gutmann-Upton": {"0": 0}, "merchant_fraud_Haag-Blanda": {"0": 0}, "merchant_fraud_Hackett Group": {"0": 0}, "merchant_fraud_Hackett-Lueilwitz": {"0": 0}, "merchant_fraud_Hagenes, Hermann and Stroman": {"0": 0}, "merchant_fraud_Hagenes, Kohler and Hoppe": {"0": 0}, "merchant_fraud_Hahn, Bahringer and McLaughlin": {"0": 0}, "merchant_fraud_Hahn, Douglas and Schowalter": {"0": 0}, "merchant_fraud_Haley Group": {"0": 0}, "merchant_fraud_Haley, Batz and Auer": {"0": 0}, "merchant_fraud_Haley, Jewess and Bechtelar": {"0": 0}, "merchant_fraud_Halvorson Group": {"0": 0}, "merchant_fraud_Hamill-D'Amore": {"0": 0}, "merchant_fraud_Hamill-Daugherty": {"0": 0}, "merchant_fraud_Hammes-Beatty": {"0": 0}, "merchant_fraud_Harber Inc": {"0": 0}, "merchant_fraud_Harris Group": {"0": 0}, "merchant_fraud_Harris Inc": {"0": 0}, "merchant_fraud_Harris, Gusikowski and Heaney": {"0": 0}, "merchant_fraud_Hartmann, Rowe and Hermann": {"0": 0}, "merchant_fraud_Hauck, Dietrich and Funk": {"0": 0}, "merchant_fraud_Hayes, Marquardt and Dibbert": {"0": 0}, "merchant_fraud_Heaney-Marquardt": {"0": 0}, "merchant_fraud_Heathcote LLC": {"0": 0}, "merchant_fraud_Heathcote, Yost and Kertzmann": {"0": 0}, "merchant_fraud_Heidenreich PLC": {"0": 0}, "merchant_fraud_Heller PLC": {"0": 0}, "merchant_fraud_Heller, Gutmann and Zieme": {"0": 0}, "merchant_fraud_Heller-Abshire": {"0": 0}, "merchant_fraud_Heller-Langosh": {"0": 0}, "merchant_fraud_Herman Inc": {"0": 0}, "merchant_fraud_Herman, Treutel and Dickens": {"0": 0}, "merchant_fraud_Hermann and Sons": {"0": 0}, "merchant_fraud_Hermann-Gaylord": {"0": 0}, "merchant_fraud_Hermiston, Pacocha and Smith": {"0": 0}, "merchant_fraud_Hermiston, Russel and Price": {"0": 0}, "merchant_fraud_Herzog Ltd": {"0": 0}, "merchant_fraud_Hettinger, McCullough and Fay": {"0": 0}, "merchant_fraud_Hickle Group": {"0": 0}, "merchant_fraud_Hills, Hegmann and Schaefer": {"0": 0}, "merchant_fraud_Hills-Boyer": {"0": 0}, "merchant_fraud_Hills-Olson": {"0": 0}, "merchant_fraud_Hills-Witting": {"0": 0}, "merchant_fraud_Hilpert-Conroy": {"0": 0}, "merchant_fraud_Hintz, Bauch and Smith": {"0": 0}, "merchant_fraud_Hintz-Bruen": {"0": 0}, "merchant_fraud_Hirthe-Beier": {"0": 0}, "merchant_fraud_Hodkiewicz, Prohaska and Paucek": {"0": 0}, "merchant_fraud_Homenick LLC": {"0": 0}, "merchant_fraud_Hoppe, Harris and Bednar": {"0": 0}, "merchant_fraud_Hoppe-Parisian": {"0": 0}, "merchant_fraud_Howe Ltd": {"0": 0}, "merchant_fraud_Howe PLC": {"0": 0}, "merchant_fraud_Hudson-Grady": {"0": 0}, "merchant_fraud_Hudson-Ratke": {"0": 0}, "merchant_fraud_Huel Ltd": {"0": 0}, "merchant_fraud_Huel, Hammes and Witting": {"0": 0}, "merchant_fraud_Huel-Langworth": {"0": 0}, "merchant_fraud_Huels-Hahn": {"0": 0}, "merchant_fraud_Huels-Nolan": {"0": 0}, "merchant_fraud_Hyatt, Russel and Gleichner": {"0": 0}, "merchant_fraud_Hyatt-Blick": {"0": 0}, "merchant_fraud_Jacobi Inc": {"0": 0}, "merchant_fraud_Jacobi and Sons": {"0": 0}, "merchant_fraud_Jakubowski Group": {"0": 0}, "merchant_fraud_Jakubowski Inc": {"0": 0}, "merchant_fraud_Jaskolski-Dibbert": {"0": 0}, "merchant_fraud_Jaskolski-Vandervort": {"0": 0}, "merchant_fraud_Jast Ltd": {"0": 0}, "merchant_fraud_Jast and Sons": {"0": 0}, "merchant_fraud_Jast-McDermott": {"0": 0}, "merchant_fraud_Jenkins, Hauck and Friesen": {"0": 0}, "merchant_fraud_Jerde-Hermann": {"0": 0}, "merchant_fraud_Jewess LLC": {"0": 0}, "merchant_fraud_Johns Inc": {"0": 0}, "merchant_fraud_Johns-Hoeger": {"0": 0}, "merchant_fraud_Johnson, Runolfsdottir and Mayer": {"0": 0}, "merchant_fraud_Johnston, Nikolaus and Maggio": {"0": 0}, "merchant_fraud_Johnston-Casper": {"0": 0}, "merchant_fraud_Jones, Sawayn and Romaguera": {"0": 0}, "merchant_fraud_Kassulke Inc": {"0": 0}, "merchant_fraud_Kassulke PLC": {"0": 0}, "merchant_fraud_Kautzer and Sons": {"0": 0}, "merchant_fraud_Keeling-Crist": {"0": 0}, "merchant_fraud_Kemmer-Buckridge": {"0": 0}, "merchant_fraud_Kemmer-Reinger": {"0": 0}, "merchant_fraud_Kerluke Inc": {"0": 0}, "merchant_fraud_Kerluke PLC": {"0": 0}, "merchant_fraud_Kerluke, Considine and Macejkovic": {"0": 0}, "merchant_fraud_Kerluke, Kertzmann and Wiza": {"0": 0}, "merchant_fraud_Kerluke-Abshire": {"0": 0}, "merchant_fraud_Kertzmann LLC": {"0": 0}, "merchant_fraud_Kessler Group": {"0": 0}, "merchant_fraud_Kessler Inc": {"0": 0}, "merchant_fraud_Kiehn Inc": {"0": 0}, "merchant_fraud_Kiehn-Emmerich": {"0": 0}, "merchant_fraud_Kihn Inc": {"0": 0}, "merchant_fraud_Kihn, Abernathy and Douglas": {"0": 0}, "merchant_fraud_Kihn, Brakus and Goyette": {"0": 0}, "merchant_fraud_Kihn-Fritsch": {"0": 0}, "merchant_fraud_Kihn-Schuster": {"0": 0}, "merchant_fraud_Kilback Group": {"0": 0}, "merchant_fraud_Kilback LLC": {"0": 0}, "merchant_fraud_Kilback and Sons": {"0": 0}, "merchant_fraud_Kilback, Nitzsche and Leffler": {"0": 0}, "merchant_fraud_Kirlin and Sons": {"0": 0}, "merchant_fraud_Klein Group": {"0": 0}, "merchant_fraud_Kling Inc": {"0": 0}, "merchant_fraud_Kling, Howe and Schneider": {"0": 0}, "merchant_fraud_Kling-Ernser": {"0": 0}, "merchant_fraud_Kling-Grant": {"0": 0}, "merchant_fraud_Klocko LLC": {"0": 0}, "merchant_fraud_Klocko, Runolfsdottir and Breitenberg": {"0": 0}, "merchant_fraud_Koelpin and Sons": {"0": 0}, "merchant_fraud_Koepp-Parker": {"0": 0}, "merchant_fraud_Koepp-Witting": {"0": 0}, "merchant_fraud_Kohler, Lindgren and Koelpin": {"0": 0}, "merchant_fraud_Konopelski, Schneider and Hartmann": {"0": 0}, "merchant_fraud_Koss and Sons": {"0": 0}, "merchant_fraud_Koss, Hansen and Lueilwitz": {"0": 0}, "merchant_fraud_Koss, McLaughlin and Mayer": {"0": 0}, "merchant_fraud_Kovacek Ltd": {"0": 0}, "merchant_fraud_Kovacek, Dibbert and Ondricka": {"0": 0}, "merchant_fraud_Kozey-Boehm": {"0": 0}, "merchant_fraud_Kozey-Kuhlman": {"0": 0}, "merchant_fraud_Kozey-McDermott": {"0": 0}, "merchant_fraud_Kris-Kertzmann": {"0": 0}, "merchant_fraud_Kris-Padberg": {"0": 0}, "merchant_fraud_Kris-Weimann": {"0": 0}, "merchant_fraud_Kub PLC": {"0": 0}, "merchant_fraud_Kub-Heaney": {"0": 0}, "merchant_fraud_Kuhic Inc": {"0": 0}, "merchant_fraud_Kuhic LLC": {"0": 0}, "merchant_fraud_Kuhic, Bins and Pfeffer": {"0": 0}, "merchant_fraud_Kuhn Group": {"0": 0}, "merchant_fraud_Kuhn LLC": {"0": 0}, "merchant_fraud_Kulas Group": {"0": 0}, "merchant_fraud_Kunde-Sanford": {"0": 0}, "merchant_fraud_Kunze Inc": {"0": 0}, "merchant_fraud_Kunze, Larkin and Mayert": {"0": 0}, "merchant_fraud_Kuphal-Bartoletti": {"0": 0}, "merchant_fraud_Kuphal-Predovic": {"0": 0}, "merchant_fraud_Kuphal-Toy": {"0": 0}, "merchant_fraud_Kutch Group": {"0": 0}, "merchant_fraud_Kutch LLC": {"0": 0}, "merchant_fraud_Kutch and Sons": {"0": 0}, "merchant_fraud_Kutch, Hermiston and Farrell": {"0": 0}, "merchant_fraud_Kutch, Steuber and Gerhold": {"0": 0}, "merchant_fraud_Kutch-Ferry": {"0": 0}, "merchant_fraud_Kutch-Hegmann": {"0": 0}, "merchant_fraud_Kutch-Wilderman": {"0": 0}, "merchant_fraud_Kuvalis Ltd": {"0": 0}, "merchant_fraud_Labadie LLC": {"0": 0}, "merchant_fraud_Labadie, Treutel and Bode": {"0": 0}, "merchant_fraud_Lakin, Ferry and Beatty": {"0": 0}, "merchant_fraud_Lang, Towne and Schuppe": {"0": 0}, "merchant_fraud_Langosh, Wintheiser and Hyatt": {"0": 0}, "merchant_fraud_Langworth LLC": {"0": 0}, "merchant_fraud_Langworth, Boehm and Gulgowski": {"0": 0}, "merchant_fraud_Larkin Ltd": {"0": 0}, "merchant_fraud_Larkin, Stracke and Greenfelder": {"0": 0}, "merchant_fraud_Larson, Quitzon and Spencer": {"0": 0}, "merchant_fraud_Larson-Moen": {"0": 0}, "merchant_fraud_Leannon-Nikolaus": {"0": 0}, "merchant_fraud_Leannon-Ward": {"0": 0}, "merchant_fraud_Lebsack and Sons": {"0": 0}, "merchant_fraud_Ledner, Hartmann and Feest": {"0": 0}, "merchant_fraud_Ledner-Pfannerstill": {"0": 0}, "merchant_fraud_Leffler-Goldner": {"0": 0}, "merchant_fraud_Lehner, Mosciski and King": {"0": 0}, "merchant_fraud_Lehner, Reichert and Mills": {"0": 0}, "merchant_fraud_Lemke and Sons": {"0": 0}, "merchant_fraud_Lemke-Gutmann": {"0": 0}, "merchant_fraud_Lesch Ltd": {"0": 0}, "merchant_fraud_Lesch, D'Amore and Brown": {"0": 0}, "merchant_fraud_Lind, Huel and McClure": {"0": 0}, "merchant_fraud_Lind-Buckridge": {"0": 0}, "merchant_fraud_Little Ltd": {"0": 0}, "merchant_fraud_Little, Gutmann and Lynch": {"0": 0}, "merchant_fraud_Little-Gleichner": {"0": 0}, "merchant_fraud_Lockman Ltd": {"0": 0}, "merchant_fraud_Lockman, West and Runte": {"0": 0}, "merchant_fraud_Lowe, Dietrich and Erdman": {"0": 0}, "merchant_fraud_Lubowitz, Terry and Stracke": {"0": 0}, "merchant_fraud_Lubowitz-Walter": {"0": 0}, "merchant_fraud_Luettgen PLC": {"0": 0}, "merchant_fraud_Lynch Ltd": {"0": 0}, "merchant_fraud_Lynch-Mohr": {"0": 0}, "merchant_fraud_Lynch-Wisozk": {"0": 0}, "merchant_fraud_Macejkovic-Lesch": {"0": 0}, "merchant_fraud_Maggio-Fahey": {"0": 0}, "merchant_fraud_Mante Group": {"0": 0}, "merchant_fraud_Mante, Luettgen and Hackett": {"0": 0}, "merchant_fraud_Marks Inc": {"0": 0}, "merchant_fraud_Marvin-Lind": {"0": 0}, "merchant_fraud_Mayert Group": {"0": 0}, "merchant_fraud_McCullough Group": {"0": 0}, "merchant_fraud_McCullough LLC": {"0": 0}, "merchant_fraud_McCullough, Hudson and Schuster": {"0": 0}, "merchant_fraud_McDermott, Osinski and Morar": {"0": 0}, "merchant_fraud_McDermott-Rice": {"0": 0}, "merchant_fraud_McDermott-Weimann": {"0": 0}, "merchant_fraud_McGlynn-Heathcote": {"0": 0}, "merchant_fraud_McGlynn-Jaskolski": {"0": 0}, "merchant_fraud_McKenzie-Huels": {"0": 0}, "merchant_fraud_McLaughlin, Armstrong and Koepp": {"0": 0}, "merchant_fraud_Medhurst Inc": {"0": 0}, "merchant_fraud_Medhurst PLC": {"0": 0}, "merchant_fraud_Medhurst, Cartwright and Ebert": {"0": 0}, "merchant_fraud_Medhurst, Labadie and Gottlieb": {"0": 0}, "merchant_fraud_Metz, Russel and Metz": {"0": 0}, "merchant_fraud_Metz-Boehm": {"0": 0}, "merchant_fraud_Miller-Harris": {"0": 0}, "merchant_fraud_Miller-Hauck": {"0": 0}, "merchant_fraud_Moen, Reinger and Murphy": {"0": 0}, "merchant_fraud_Mohr Inc": {"0": 0}, "merchant_fraud_Mohr-Bayer": {"0": 0}, "merchant_fraud_Monahan, Bogisich and Ledner": {"0": 0}, "merchant_fraud_Monahan, Hermann and Johns": {"0": 0}, "merchant_fraud_Monahan-Morar": {"0": 0}, "merchant_fraud_Moore, Dibbert and Koepp": {"0": 0}, "merchant_fraud_Moore, Williamson and Emmerich": {"0": 0}, "merchant_fraud_Morar Inc": {"0": 0}, "merchant_fraud_Morissette LLC": {"0": 0}, "merchant_fraud_Morissette PLC": {"0": 0}, "merchant_fraud_Morissette, Weber and Wiegand": {"0": 0}, "merchant_fraud_Morissette-Schaefer": {"0": 0}, "merchant_fraud_Mosciski Group": {"0": 0}, "merchant_fraud_Mosciski, Gislason and Mertz": {"0": 0}, "merchant_fraud_Mosciski, Ziemann and Farrell": {"0": 0}, "merchant_fraud_Mraz-Herzog": {"0": 0}, "merchant_fraud_Mueller, Gerhold and Mueller": {"0": 0}, "merchant_fraud_Murray Ltd": {"0": 0}, "merchant_fraud_Murray-Smitham": {"0": 0}, "merchant_fraud_Nader-Heller": {"0": 0}, "merchant_fraud_Nader-Maggio": {"0": 0}, "merchant_fraud_Nicolas, Hills and McGlynn": {"0": 0}, "merchant_fraud_Nienow PLC": {"0": 0}, "merchant_fraud_Nienow, Ankunding and Collier": {"0": 0}, "merchant_fraud_Nienow, Barrows and Romaguera": {"0": 0}, "merchant_fraud_Nitzsche, Kessler and Wolff": {"0": 0}, "merchant_fraud_Nolan-Williamson": {"0": 0}, "merchant_fraud_O'Connell, Botsford and Hand": {"0": 0}, "merchant_fraud_O'Connell-Ullrich": {"0": 0}, "merchant_fraud_O'Hara-Wilderman": {"0": 0}, "merchant_fraud_O'Keefe-Hudson": {"0": 0}, "merchant_fraud_O'Keefe-Wisoky": {"0": 0}, "merchant_fraud_O'Reilly, Mohr and Purdy": {"0": 0}, "merchant_fraud_Okuneva, Schneider and Rau": {"0": 0}, "merchant_fraud_Olson, Becker and Koch": {"0": 0}, "merchant_fraud_Ortiz Group": {"0": 0}, "merchant_fraud_Osinski Inc": {"0": 0}, "merchant_fraud_Osinski, Ledner and Leuschke": {"0": 0}, "merchant_fraud_Pacocha-Bauch": {"0": 0}, "merchant_fraud_Pacocha-O'Reilly": {"0": 0}, "merchant_fraud_Pacocha-Weissnat": {"0": 0}, "merchant_fraud_Padberg-Rogahn": {"0": 0}, "merchant_fraud_Padberg-Sauer": {"0": 0}, "merchant_fraud_Padberg-Welch": {"0": 0}, "merchant_fraud_Pagac LLC": {"0": 0}, "merchant_fraud_Parisian and Sons": {"0": 0}, "merchant_fraud_Parisian, Schiller and Altenwerth": {"0": 0}, "merchant_fraud_Parker, Nolan and Trantow": {"0": 0}, "merchant_fraud_Parker-Kunde": {"0": 0}, "merchant_fraud_Paucek-Wiza": {"0": 0}, "merchant_fraud_Pfeffer LLC": {"0": 0}, "merchant_fraud_Pfeffer and Sons": {"0": 0}, "merchant_fraud_Pollich LLC": {"0": 0}, "merchant_fraud_Pouros, Walker and Spencer": {"0": 0}, "merchant_fraud_Pouros-Conroy": {"0": 0}, "merchant_fraud_Pouros-Haag": {"0": 0}, "merchant_fraud_Powlowski-Weimann": {"0": 0}, "merchant_fraud_Predovic Inc": {"0": 0}, "merchant_fraud_Price Inc": {"0": 0}, "merchant_fraud_Prohaska-Murray": {"0": 0}, "merchant_fraud_Prosacco LLC": {"0": 0}, "merchant_fraud_Prosacco, Kreiger and Kovacek": {"0": 0}, "merchant_fraud_Quitzon, Green and Bashirian": {"0": 0}, "merchant_fraud_Quitzon-Goyette": {"0": 0}, "merchant_fraud_Ratke and Sons": {"0": 0}, "merchant_fraud_Rau and Sons": {"0": 0}, "merchant_fraud_Rau-Grant": {"0": 0}, "merchant_fraud_Rau-Robel": {"0": 0}, "merchant_fraud_Raynor, Feest and Miller": {"0": 0}, "merchant_fraud_Raynor, Reinger and Hagenes": {"0": 0}, "merchant_fraud_Reichel Inc": {"0": 0}, "merchant_fraud_Reichel LLC": {"0": 0}, "merchant_fraud_Reichel, Bradtke and Blanda": {"0": 0}, "merchant_fraud_Reichert, Huels and Hoppe": {"0": 0}, "merchant_fraud_Reichert, Rowe and Mraz": {"0": 0}, "merchant_fraud_Reichert, Shanahan and Hayes": {"0": 0}, "merchant_fraud_Reichert-Weissnat": {"0": 0}, "merchant_fraud_Reilly LLC": {"0": 0}, "merchant_fraud_Reilly and Sons": {"0": 0}, "merchant_fraud_Reilly, Heaney and Cole": {"0": 0}, "merchant_fraud_Reinger, Weissnat and Strosin": {"0": 0}, "merchant_fraud_Rempel Inc": {"0": 0}, "merchant_fraud_Rempel PLC": {"0": 0}, "merchant_fraud_Renner Ltd": {"0": 0}, "merchant_fraud_Reynolds-Schinner": {"0": 0}, "merchant_fraud_Rippin, Kub and Mann": {"0": 0}, "merchant_fraud_Rippin-VonRueden": {"0": 0}, "merchant_fraud_Ritchie, Bradtke and Stiedemann": {"0": 0}, "merchant_fraud_Ritchie, Oberbrunner and Cremin": {"0": 0}, "merchant_fraud_Robel, Cummerata and Prosacco": {"0": 0}, "merchant_fraud_Roberts, Daniel and Macejkovic": {"0": 0}, "merchant_fraud_Roberts, Ryan and Smith": {"0": 0}, "merchant_fraud_Roberts-Beahan": {"0": 0}, "merchant_fraud_Rodriguez Group": {"0": 0}, "merchant_fraud_Rodriguez, Yost and Jenkins": {"0": 0}, "merchant_fraud_Rohan, White and Aufderhar": {"0": 0}, "merchant_fraud_Rolfson-Kunde": {"0": 0}, "merchant_fraud_Romaguera Ltd": {"0": 0}, "merchant_fraud_Romaguera and Sons": {"0": 0}, "merchant_fraud_Romaguera, Cruickshank and Greenholt": {"0": 0}, "merchant_fraud_Romaguera, Wehner and Tromp": {"0": 0}, "merchant_fraud_Roob LLC": {"0": 0}, "merchant_fraud_Roob, Conn and Tremblay": {"0": 0}, "merchant_fraud_Roob-Okuneva": {"0": 0}, "merchant_fraud_Rowe, Batz and Goodwin": {"0": 0}, "merchant_fraud_Rowe-Vandervort": {"0": 0}, "merchant_fraud_Ruecker Group": {"0": 0}, "merchant_fraud_Ruecker, Beer and Collier": {"0": 0}, "merchant_fraud_Ruecker-Mayert": {"0": 0}, "merchant_fraud_Runolfsdottir, Mueller and Hand": {"0": 0}, "merchant_fraud_Runolfsson and Sons": {"0": 0}, "merchant_fraud_Runte, Green and Emard": {"0": 0}, "merchant_fraud_Runte-Mohr": {"0": 0}, "merchant_fraud_Rutherford, Homenick and Bergstrom": {"0": 0}, "merchant_fraud_Rutherford-Mertz": {"0": 0}, "merchant_fraud_Satterfield-Lowe": {"0": 0}, "merchant_fraud_Sawayn PLC": {"0": 0}, "merchant_fraud_Schaefer Ltd": {"0": 0}, "merchant_fraud_Schaefer, Fay and Hilll": {"0": 0}, "merchant_fraud_Schaefer, Maggio and Daugherty": {"0": 0}, "merchant_fraud_Schaefer, McGlynn and Bosco": {"0": 0}, "merchant_fraud_Schamberger-O'Keefe": {"0": 0}, "merchant_fraud_Schiller Ltd": {"0": 0}, "merchant_fraud_Schiller, Blanda and Johnson": {"0": 0}, "merchant_fraud_Schimmel-Olson": {"0": 0}, "merchant_fraud_Schmeler Inc": {"0": 0}, "merchant_fraud_Schmeler, Bashirian and Price": {"0": 0}, "merchant_fraud_Schmeler-Howe": {"0": 0}, "merchant_fraud_Schmidt and Sons": {"0": 0}, "merchant_fraud_Schmidt-Larkin": {"0": 0}, "merchant_fraud_Schmitt Inc": {"0": 0}, "merchant_fraud_Schmitt Ltd": {"0": 0}, "merchant_fraud_Schneider, Hayes and Nikolaus": {"0": 0}, "merchant_fraud_Schoen Ltd": {"0": 0}, "merchant_fraud_Schoen, Kuphal and Nitzsche": {"0": 0}, "merchant_fraud_Schoen, Nienow and Bauch": {"0": 0}, "merchant_fraud_Schoen-Quigley": {"0": 0}, "merchant_fraud_Schroeder Group": {"0": 0}, "merchant_fraud_Schroeder, Hauck and Treutel": {"0": 0}, "merchant_fraud_Schroeder, Wolff and Hermiston": {"0": 0}, "merchant_fraud_Schulist Ltd": {"0": 0}, "merchant_fraud_Schultz, Simonis and Little": {"0": 0}, "merchant_fraud_Schumm PLC": {"0": 0}, "merchant_fraud_Schumm, Bauch and Ondricka": {"0": 0}, "merchant_fraud_Schumm, McLaughlin and Carter": {"0": 0}, "merchant_fraud_Schuppe LLC": {"0": 0}, "merchant_fraud_Schuppe, Nolan and Hoeger": {"0": 0}, "merchant_fraud_Schuppe-Schuppe": {"0": 0}, "merchant_fraud_Shanahan-Lehner": {"0": 0}, "merchant_fraud_Shields Inc": {"0": 0}, "merchant_fraud_Shields-Wunsch": {"0": 0}, "merchant_fraud_Simonis-Prohaska": {"0": 0}, "merchant_fraud_Skiles LLC": {"0": 0}, "merchant_fraud_Skiles-Ankunding": {"0": 0}, "merchant_fraud_Smith-Stokes": {"0": 0}, "merchant_fraud_Smitham-Boehm": {"0": 0}, "merchant_fraud_Smitham-Schiller": {"0": 0}, "merchant_fraud_Spencer PLC": {"0": 0}, "merchant_fraud_Spencer-Runolfsson": {"0": 0}, "merchant_fraud_Spinka Inc": {"0": 0}, "merchant_fraud_Spinka-Welch": {"0": 0}, "merchant_fraud_Sporer Inc": {"0": 0}, "merchant_fraud_Sporer-Keebler": {"0": 0}, "merchant_fraud_Stamm-Rodriguez": {"0": 0}, "merchant_fraud_Stamm-Witting": {"0": 0}, "merchant_fraud_Stanton, Jakubowski and Baumbach": {"0": 0}, "merchant_fraud_Stark-Batz": {"0": 0}, "merchant_fraud_Stark-Koss": {"0": 0}, "merchant_fraud_Stehr, Jewess and Schimmel": {"0": 0}, "merchant_fraud_Stiedemann Inc": {"0": 0}, "merchant_fraud_Stiedemann Ltd": {"0": 0}, "merchant_fraud_Stokes, Christiansen and Sipes": {"0": 0}, "merchant_fraud_Stoltenberg-Beatty": {"0": 0}, "merchant_fraud_Stracke-Lemke": {"0": 0}, "merchant_fraud_Streich Ltd": {"0": 0}, "merchant_fraud_Streich, Dietrich and Barton": {"0": 0}, "merchant_fraud_Streich, Hansen and Veum": {"0": 0}, "merchant_fraud_Streich, Rolfson and Wilderman": {"0": 0}, "merchant_fraud_Stroman, Hudson and Erdman": {"0": 0}, "merchant_fraud_Strosin-Cruickshank": {"0": 0}, "merchant_fraud_Swaniawski, Bahringer and Ledner": {"0": 0}, "merchant_fraud_Swaniawski, Lowe and Robel": {"0": 0}, "merchant_fraud_Swaniawski, Nitzsche and Welch": {"0": 0}, "merchant_fraud_Swift PLC": {"0": 0}, "merchant_fraud_Swift, Bradtke and Marquardt": {"0": 0}, "merchant_fraud_Terry Ltd": {"0": 0}, "merchant_fraud_Terry, Johns and Bins": {"0": 0}, "merchant_fraud_Terry-Huel": {"0": 0}, "merchant_fraud_Thiel Ltd": {"0": 0}, "merchant_fraud_Thiel PLC": {"0": 0}, "merchant_fraud_Thiel-Thiel": {"0": 0}, "merchant_fraud_Thompson-Gleason": {"0": 0}, "merchant_fraud_Tillman LLC": {"0": 0}, "merchant_fraud_Tillman, Dickinson and Labadie": {"0": 0}, "merchant_fraud_Tillman, Fritsch and Schmitt": {"0": 0}, "merchant_fraud_Torp, Muller and Borer": {"0": 0}, "merchant_fraud_Torp-Labadie": {"0": 0}, "merchant_fraud_Torp-Lemke": {"0": 0}, "merchant_fraud_Torphy-Goyette": {"0": 0}, "merchant_fraud_Torphy-Kertzmann": {"0": 0}, "merchant_fraud_Towne LLC": {"0": 0}, "merchant_fraud_Towne, Greenholt and Koepp": {"0": 0}, "merchant_fraud_Towne, Walker and Borer": {"0": 0}, "merchant_fraud_Trantow PLC": {"0": 0}, "merchant_fraud_Treutel-King": {"0": 0}, "merchant_fraud_Tromp Group": {"0": 0}, "merchant_fraud_Tromp, Kerluke and Glover": {"0": 0}, "merchant_fraud_Turcotte, Batz and Buckridge": {"0": 0}, "merchant_fraud_Turcotte, McKenzie and Koss": {"0": 0}, "merchant_fraud_Turcotte-Halvorson": {"0": 0}, "merchant_fraud_Turner LLC": {"0": 0}, "merchant_fraud_Turner and Sons": {"0": 0}, "merchant_fraud_Turner, Ruecker and Parisian": {"0": 0}, "merchant_fraud_Turner, Ziemann and Lehner": {"0": 0}, "merchant_fraud_Ullrich Ltd": {"0": 0}, "merchant_fraud_Upton PLC": {"0": 0}, "merchant_fraud_Vandervort-Funk": {"0": 0}, "merchant_fraud_Veum-Koelpin": {"0": 0}, "merchant_fraud_Volkman Ltd": {"0": 0}, "merchant_fraud_Volkman PLC": {"0": 0}, "merchant_fraud_Volkman-Predovic": {"0": 0}, "merchant_fraud_VonRueden Group": {"0": 0}, "merchant_fraud_Waelchi Inc": {"0": 0}, "merchant_fraud_Waelchi-Wolf": {"0": 0}, "merchant_fraud_Walter, Hettinger and Kessler": {"0": 0}, "merchant_fraud_Waters-Cruickshank": {"0": 0}, "merchant_fraud_Watsica LLC": {"0": 0}, "merchant_fraud_Watsica, Haag and Considine": {"0": 0}, "merchant_fraud_Weber and Sons": {"0": 0}, "merchant_fraud_Weber, Thiel and Hammes": {"0": 0}, "merchant_fraud_Weimann, Kuhic and Beahan": {"0": 0}, "merchant_fraud_Weimann-Lockman": {"0": 0}, "merchant_fraud_Welch Inc": {"0": 0}, "merchant_fraud_Welch, Rath and Koepp": {"0": 0}, "merchant_fraud_White and Sons": {"0": 0}, "merchant_fraud_Wiegand-Lowe": {"0": 0}, "merchant_fraud_Wilkinson LLC": {"0": 0}, "merchant_fraud_Wilkinson Ltd": {"0": 0}, "merchant_fraud_Wilkinson PLC": {"0": 0}, "merchant_fraud_Will Ltd": {"0": 0}, "merchant_fraud_Williamson LLC": {"0": 0}, "merchant_fraud_Willms, Kris and Bergnaum": {"0": 0}, "merchant_fraud_Windler LLC": {"0": 0}, "merchant_fraud_Windler, Goodwin and Kovacek": {"0": 0}, "merchant_fraud_Wintheiser, Dietrich and Schimmel": {"0": 0}, "merchant_fraud_Wisozk and Sons": {"0": 0}, "merchant_fraud_Witting, Beer and Ernser": {"0": 0}, "merchant_fraud_Wiza LLC": {"0": 0}, "merchant_fraud_Wiza, Schaden and Stark": {"0": 0}, "merchant_fraud_Wolf Inc": {"0": 0}, "merchant_fraud_Wuckert, Wintheiser and Friesen": {"0": 0}, "merchant_fraud_Wuckert-Goldner": {"0": 0}, "merchant_fraud_Wuckert-Walter": {"0": 0}, "merchant_fraud_Yost, Block and Koepp": {"0": 0}, "merchant_fraud_Yost, Schamberger and Windler": {"0": 0}, "merchant_fraud_Yost-Rogahn": {"0": 0}, "merchant_fraud_Zboncak LLC": {"0": 0}, "merchant_fraud_Zboncak Ltd": {"0": 0}, "merchant_fraud_Zboncak, Rowe and Murazik": {"0": 0}, "merchant_fraud_Zemlak Group": {"0": 0}, "merchant_fraud_Zemlak, Tillman and Cremin": {"0": 0}, "merchant_fraud_Ziemann-Waters": {"0": 0}, "merchant_fraud_Zieme, Bode and Dooley": {"0": 0}, "merchant_fraud_Zulauf LLC": {"0": 0}, "category_entertainment": {"0": 0}, "category_food_dining": {"0": 0}, "category_gas_transport": {"0": 0}, "category_grocery_net": {"0": 0}, "category_grocery_pos": {"0": 0}, "category_health_fitness": {"0": 0}, "category_home": {"0": 0}, "category_kids_pets": {"0": 0}, "category_misc_net": {"0": 0}, "category_misc_pos": {"0": 0}, "category_personal_care": {"0": 0}, "category_shopping_net": {"0": 0}, "category_shopping_pos": {"0": 0}, "category_travel": {"0": 0}, "gender_F": {"0": 0}, "gender_M": {"0": true}, "job_Academic librarian": {"0": 0}, "job_Accountant, chartered certified": {"0": 0}, "job_Accountant, chartered public finance": {"0": 0}, "job_Accounting technician": {"0": 0}, "job_Acupuncturist": {"0": 0}, "job_Administrator": {"0": 0}, "job_Administrator, arts": {"0": 0}, "job_Administrator, charities/voluntary organisations": {"0": 0}, "job_Administrator, education": {"0": 0}, "job_Administrator, local government": {"0": 0}, "job_Advertising account executive": {"0": 0}, "job_Advertising account planner": {"0": 0}, "job_Advertising copywriter": {"0": 0}, "job_Advice worker": {"0": 0}, "job_Aeronautical engineer": {"0": 0}, "job_Agricultural consultant": {"0": 0}, "job_Aid worker": {"0": 0}, "job_Air broker": {"0": 0}, "job_Air cabin crew": {"0": 0}, "job_Airline pilot": {"0": 0}, "job_Ambulance person": {"0": 0}, "job_Amenity horticulturist": {"0": 0}, "job_Analytical chemist": {"0": 0}, "job_Animal nutritionist": {"0": 0}, "job_Animal technologist": {"0": 0}, "job_Animator": {"0": 0}, "job_Applications developer": {"0": 0}, "job_Arboriculturist": {"0": 0}, "job_Archaeologist": {"0": 0}, "job_Architect": {"0": 0}, "job_Architectural technologist": {"0": 0}, "job_Archivist": {"0": 0}, "job_Armed forces logistics/support/administrative officer": {"0": 0}, "job_Armed forces training and education officer": {"0": 0}, "job_Art gallery manager": {"0": 0}, "job_Art therapist": {"0": 0}, "job_Artist": {"0": 0}, "job_Arts development officer": {"0": 0}, "job_Associate Professor": {"0": 0}, "job_Audiological scientist": {"0": 0}, "job_Barista": {"0": 0}, "job_Barrister": {"0": 0}, "job_Barrister's clerk": {"0": 0}, "job_Biochemist, clinical": {"0": 0}, "job_Biomedical engineer": {"0": 0}, "job_Biomedical scientist": {"0": 0}, "job_Bookseller": {"0": 0}, "job_Broadcast engineer": {"0": 0}, "job_Broadcast presenter": {"0": 0}, "job_Building control surveyor": {"0": 0}, "job_Building services engineer": {"0": 0}, "job_Building surveyor": {"0": 0}, "job_Buyer, industrial": {"0": 0}, "job_Buyer, retail": {"0": 0}, "job_Cabin crew": {"0": 0}, "job_Call centre manager": {"0": 0}, "job_Camera operator": {"0": 0}, "job_Careers information officer": {"0": 0}, "job_Cartographer": {"0": 0}, "job_Catering manager": {"0": 0}, "job_Ceramics designer": {"0": 0}, "job_Charity fundraiser": {"0": 0}, "job_Charity officer": {"0": 0}, "job_Chartered accountant": {"0": 0}, "job_Chartered legal executive (England and Wales)": {"0": 0}, "job_Chartered loss adjuster": {"0": 0}, "job_Chartered public finance accountant": {"0": 0}, "job_Chemical engineer": {"0": 0}, "job_Chemist, analytical": {"0": 0}, "job_Chief Executive Officer": {"0": 0}, "job_Chief Financial Officer": {"0": 0}, "job_Chief Marketing Officer": {"0": 0}, "job_Chief Operating Officer": {"0": 0}, "job_Chief Strategy Officer": {"0": 0}, "job_Chief Technology Officer": {"0": 0}, "job_Chief of Staff": {"0": 0}, "job_Child psychotherapist": {"0": 0}, "job_Chiropodist": {"0": 0}, "job_Civil Service administrator": {"0": 0}, "job_Civil Service fast streamer": {"0": 0}, "job_Civil engineer, contracting": {"0": 0}, "job_Claims inspector/assessor": {"0": 0}, "job_Clinical biochemist": {"0": 0}, "job_Clinical cytogeneticist": {"0": 0}, "job_Clinical psychologist": {"0": 0}, "job_Clinical research associate": {"0": 0}, "job_Clothing/textile technologist": {"0": 0}, "job_Colour technologist": {"0": 0}, "job_Commercial horticulturist": {"0": 0}, "job_Commercial/residential surveyor": {"0": 0}, "job_Commissioning editor": {"0": 0}, "job_Communications engineer": {"0": 0}, "job_Community arts worker": {"0": 0}, "job_Community development worker": {"0": 0}, "job_Community education officer": {"0": 0}, "job_Community pharmacist": {"0": 0}, "job_Company secretary": {"0": 0}, "job_Comptroller": {"0": 0}, "job_Conservation officer, historic buildings": {"0": 0}, "job_Conservator, furniture": {"0": 0}, "job_Conservator, museum/gallery": {"0": 0}, "job_Contractor": {"0": 0}, "job_Control and instrumentation engineer": {"0": 0}, "job_Copy": {"0": 0}, "job_Copywriter, advertising": {"0": 0}, "job_Corporate investment banker": {"0": 0}, "job_Counselling psychologist": {"0": 0}, "job_Counsellor": {"0": 0}, "job_Curator": {"0": 0}, "job_Cytogeneticist": {"0": 0}, "job_Dance movement psychotherapist": {"0": 0}, "job_Data scientist": {"0": 0}, "job_Database administrator": {"0": 0}, "job_Dealer": {"0": 0}, "job_Designer, ceramics/pottery": {"0": 0}, "job_Designer, exhibition/display": {"0": 0}, "job_Designer, furniture": {"0": 0}, "job_Designer, industrial/product": {"0": 0}, "job_Designer, interior/spatial": {"0": 0}, "job_Designer, jewellery": {"0": 0}, "job_Designer, multimedia": {"0": 0}, "job_Designer, television/film set": {"0": 0}, "job_Designer, textile": {"0": 0}, "job_Development worker, community": {"0": 0}, "job_Development worker, international aid": {"0": 0}, "job_Diagnostic radiographer": {"0": 0}, "job_Dispensing optician": {"0": 0}, "job_Doctor, general practice": {"0": 0}, "job_Doctor, hospital": {"0": 0}, "job_Drilling engineer": {"0": 0}, "job_Early years teacher": {"0": 0}, "job_Ecologist": {"0": 0}, "job_Economist": {"0": 0}, "job_Editor, commissioning": {"0": 0}, "job_Editor, film/video": {"0": 0}, "job_Editor, magazine features": {"0": 0}, "job_Education administrator": {"0": 0}, "job_Education officer, community": {"0": 0}, "job_Education officer, museum": {"0": 0}, "job_Educational psychologist": {"0": 0}, "job_Electrical engineer": {"0": 0}, "job_Electronics engineer": {"0": 0}, "job_Embryologist, clinical": {"0": 0}, "job_Emergency planning/management officer": {"0": 0}, "job_Energy engineer": {"0": 0}, "job_Energy manager": {"0": 0}, "job_Engineer, aeronautical": {"0": 0}, "job_Engineer, agricultural": {"0": 0}, "job_Engineer, automotive": {"0": 0}, "job_Engineer, biomedical": {"0": 0}, "job_Engineer, broadcasting (operations)": {"0": 0}, "job_Engineer, building services": {"0": 0}, "job_Engineer, civil (consulting)": {"0": 0}, "job_Engineer, civil (contracting)": {"0": 0}, "job_Engineer, communications": {"0": 0}, "job_Engineer, control and instrumentation": {"0": 0}, "job_Engineer, drilling": {"0": 0}, "job_Engineer, electronics": {"0": 0}, "job_Engineer, land": {"0": 0}, "job_Engineer, maintenance": {"0": 0}, "job_Engineer, manufacturing": {"0": 0}, "job_Engineer, materials": {"0": 0}, "job_Engineer, mining": {"0": 0}, "job_Engineer, petroleum": {"0": 0}, "job_Engineer, production": {"0": 0}, "job_Engineer, structural": {"0": 0}, "job_Engineer, technical sales": {"0": 0}, "job_Engineer, water": {"0": 0}, "job_Engineering geologist": {"0": 0}, "job_English as a foreign language teacher": {"0": 0}, "job_English as a second language teacher": {"0": 0}, "job_Environmental consultant": {"0": 0}, "job_Environmental education officer": {"0": 0}, "job_Environmental health practitioner": {"0": 0}, "job_Environmental manager": {"0": 0}, "job_Equality and diversity officer": {"0": 0}, "job_Equities trader": {"0": 0}, "job_Estate manager/land agent": {"0": 0}, "job_Event organiser": {"0": 0}, "job_Exercise physiologist": {"0": 0}, "job_Exhibition designer": {"0": 0}, "job_Exhibitions officer, museum/gallery": {"0": 0}, "job_Facilities manager": {"0": 0}, "job_Farm manager": {"0": 0}, "job_Field seismologist": {"0": 0}, "job_Field trials officer": {"0": 0}, "job_Film/video editor": {"0": 0}, "job_Financial adviser": {"0": 0}, "job_Financial trader": {"0": 0}, "job_Fine artist": {"0": 0}, "job_Firefighter": {"0": 0}, "job_Fisheries officer": {"0": 0}, "job_Fitness centre manager": {"0": 0}, "job_Forensic psychologist": {"0": 0}, "job_Freight forwarder": {"0": 0}, "job_Furniture conservator/restorer": {"0": 0}, "job_Furniture designer": {"0": 0}, "job_Further education lecturer": {"0": 0}, "job_Futures trader": {"0": 0}, "job_Gaffer": {"0": 0}, "job_Garment/textile technologist": {"0": 0}, "job_General practice doctor": {"0": 0}, "job_Geneticist, molecular": {"0": 0}, "job_Geochemist": {"0": 0}, "job_Geologist, engineering": {"0": 0}, "job_Geologist, wellsite": {"0": 0}, "job_Geophysicist/field seismologist": {"0": 0}, "job_Geoscientist": {"0": 0}, "job_Glass blower/designer": {"0": 0}, "job_Health and safety adviser": {"0": 0}, "job_Health physicist": {"0": 0}, "job_Health promotion specialist": {"0": 0}, "job_Health service manager": {"0": 0}, "job_Health visitor": {"0": 0}, "job_Herbalist": {"0": 0}, "job_Heritage manager": {"0": 0}, "job_Herpetologist": {"0": 0}, "job_Higher education careers adviser": {"0": 0}, "job_Historic buildings inspector/conservation officer": {"0": 0}, "job_Horticultural consultant": {"0": 0}, "job_Horticultural therapist": {"0": 0}, "job_Horticulturist, commercial": {"0": 0}, "job_Hospital doctor": {"0": 0}, "job_Hospital pharmacist": {"0": 0}, "job_Hotel manager": {"0": 0}, "job_Human resources officer": {"0": 0}, "job_Hydrogeologist": {"0": 0}, "job_Hydrographic surveyor": {"0": 0}, "job_Hydrologist": {"0": 0}, "job_IT consultant": {"0": 0}, "job_IT trainer": {"0": 0}, "job_Illustrator": {"0": 0}, "job_Immigration officer": {"0": 0}, "job_Immunologist": {"0": 0}, "job_Industrial/product designer": {"0": 0}, "job_Information systems manager": {"0": 0}, "job_Insurance broker": {"0": 0}, "job_Insurance claims handler": {"0": 0}, "job_Insurance risk surveyor": {"0": 0}, "job_Insurance underwriter": {"0": 0}, "job_Intelligence analyst": {"0": 0}, "job_Interior and spatial designer": {"0": 0}, "job_Interpreter": {"0": 0}, "job_Investment analyst": {"0": 0}, "job_Investment banker, corporate": {"0": 0}, "job_Investment banker, operational": {"0": 0}, "job_Jewellery designer": {"0": 0}, "job_Journalist, newspaper": {"0": 0}, "job_Land": {"0": 0}, "job_Land/geomatics surveyor": {"0": 0}, "job_Landscape architect": {"0": 0}, "job_Lawyer": {"0": 0}, "job_Learning disability nurse": {"0": 0}, "job_Learning mentor": {"0": 0}, "job_Lecturer, further education": {"0": 0}, "job_Lecturer, higher education": {"0": 0}, "job_Leisure centre manager": {"0": 0}, "job_Lexicographer": {"0": 0}, "job_Librarian, academic": {"0": 0}, "job_Librarian, public": {"0": 0}, "job_Licensed conveyancer": {"0": 0}, "job_Local government officer": {"0": 0}, "job_Location manager": {"0": 0}, "job_Logistics and distribution manager": {"0": 0}, "job_Loss adjuster, chartered": {"0": 0}, "job_Magazine features editor": {"0": 0}, "job_Magazine journalist": {"0": 0}, "job_Maintenance engineer": {"0": 0}, "job_Make": {"0": 0}, "job_Management consultant": {"0": 0}, "job_Manufacturing engineer": {"0": 0}, "job_Manufacturing systems engineer": {"0": 0}, "job_Market researcher": {"0": 0}, "job_Marketing executive": {"0": 0}, "job_Materials engineer": {"0": 0}, "job_Mechanical engineer": {"0": 0}, "job_Media buyer": {"0": 0}, "job_Media planner": {"0": 0}, "job_Medical physicist": {"0": 0}, "job_Medical sales representative": {"0": 0}, "job_Medical secretary": {"0": 0}, "job_Medical technical officer": {"0": 0}, "job_Mental health nurse": {"0": 0}, "job_Merchandiser, retail": {"0": 0}, "job_Metallurgist": {"0": 0}, "job_Minerals surveyor": {"0": 0}, "job_Mining engineer": {"0": 0}, "job_Mudlogger": {"0": 0}, "job_Multimedia programmer": {"0": 0}, "job_Museum education officer": {"0": 0}, "job_Museum/gallery conservator": {"0": 0}, "job_Museum/gallery exhibitions officer": {"0": 0}, "job_Music therapist": {"0": 0}, "job_Music tutor": {"0": 0}, "job_Musician": {"0": 0}, "job_Nature conservation officer": {"0": 0}, "job_Naval architect": {"0": 0}, "job_Network engineer": {"0": 0}, "job_Neurosurgeon": {"0": 0}, "job_Nurse, children's": {"0": 0}, "job_Nurse, mental health": {"0": 0}, "job_Nutritional therapist": {"0": 0}, "job_Occupational hygienist": {"0": 0}, "job_Occupational psychologist": {"0": 0}, "job_Occupational therapist": {"0": 0}, "job_Oceanographer": {"0": 0}, "job_Oncologist": {"0": 0}, "job_Operational investment banker": {"0": 0}, "job_Operational researcher": {"0": 0}, "job_Operations geologist": {"0": 0}, "job_Optician, dispensing": {"0": 0}, "job_Optometrist": {"0": 0}, "job_Orthoptist": {"0": 0}, "job_Osteopath": {"0": 0}, "job_Outdoor activities/education manager": {"0": 0}, "job_Paediatric nurse": {"0": 0}, "job_Paramedic": {"0": 0}, "job_Patent attorney": {"0": 0}, "job_Pathologist": {"0": 0}, "job_Pension scheme manager": {"0": 0}, "job_Pensions consultant": {"0": 0}, "job_Petroleum engineer": {"0": 0}, "job_Pharmacist, community": {"0": 0}, "job_Pharmacist, hospital": {"0": 0}, "job_Pharmacologist": {"0": 0}, "job_Physicist, medical": {"0": 0}, "job_Physiological scientist": {"0": 0}, "job_Physiotherapist": {"0": 0}, "job_Phytotherapist": {"0": 0}, "job_Pilot, airline": {"0": 0}, "job_Planning and development surveyor": {"0": 0}, "job_Plant breeder/geneticist": {"0": 0}, "job_Podiatrist": {"0": 0}, "job_Police officer": {"0": 0}, "job_Politician's assistant": {"0": 0}, "job_Presenter, broadcasting": {"0": 0}, "job_Press photographer": {"0": 0}, "job_Press sub": {"0": 0}, "job_Primary school teacher": {"0": 0}, "job_Prison officer": {"0": 0}, "job_Private music teacher": {"0": 0}, "job_Probation officer": {"0": 0}, "job_Producer, radio": {"0": 0}, "job_Producer, television/film/video": {"0": 0}, "job_Product designer": {"0": 0}, "job_Product manager": {"0": 0}, "job_Product/process development scientist": {"0": 0}, "job_Production assistant, radio": {"0": 0}, "job_Production assistant, television": {"0": 0}, "job_Production engineer": {"0": 0}, "job_Production manager": {"0": 0}, "job_Professor Emeritus": {"0": 0}, "job_Programme researcher, broadcasting/film/video": {"0": 0}, "job_Programmer, applications": {"0": 0}, "job_Programmer, multimedia": {"0": 0}, "job_Psychiatric nurse": {"0": 0}, "job_Psychiatrist": {"0": 0}, "job_Psychologist, clinical": {"0": 0}, "job_Psychologist, counselling": {"0": 0}, "job_Psychologist, forensic": {"0": 0}, "job_Psychologist, sport and exercise": {"0": 0}, "job_Psychotherapist": {"0": 0}, "job_Psychotherapist, child": {"0": 0}, "job_Public affairs consultant": {"0": 0}, "job_Public house manager": {"0": 0}, "job_Public librarian": {"0": 0}, "job_Public relations account executive": {"0": 0}, "job_Public relations officer": {"0": 0}, "job_Purchasing manager": {"0": 0}, "job_Quantity surveyor": {"0": 0}, "job_Quarry manager": {"0": 0}, "job_Race relations officer": {"0": 0}, "job_Radio broadcast assistant": {"0": 0}, "job_Radio producer": {"0": 0}, "job_Radiographer, diagnostic": {"0": 0}, "job_Radiographer, therapeutic": {"0": 0}, "job_Records manager": {"0": 0}, "job_Regulatory affairs officer": {"0": 0}, "job_Research officer, political party": {"0": 0}, "job_Research officer, trade union": {"0": 0}, "job_Research scientist (life sciences)": {"0": 0}, "job_Research scientist (maths)": {"0": 0}, "job_Research scientist (medical)": {"0": 0}, "job_Research scientist (physical sciences)": {"0": 0}, "job_Restaurant manager, fast food": {"0": 0}, "job_Retail banker": {"0": 0}, "job_Retail buyer": {"0": 0}, "job_Retail manager": {"0": 0}, "job_Retail merchandiser": {"0": 0}, "job_Risk analyst": {"0": 0}, "job_Rural practice surveyor": {"0": 0}, "job_Sales executive": {"0": 0}, "job_Sales professional, IT": {"0": 0}, "job_Science writer": {"0": 0}, "job_Scientific laboratory technician": {"0": 0}, "job_Scientist, audiological": {"0": 0}, "job_Scientist, biomedical": {"0": 0}, "job_Scientist, clinical (histocompatibility and immunogenetics)": {"0": 0}, "job_Scientist, marine": {"0": 0}, "job_Scientist, physiological": {"0": 0}, "job_Scientist, research (maths)": {"0": 0}, "job_Scientist, research (medical)": {"0": 0}, "job_Scientist, research (physical sciences)": {"0": 0}, "job_Secondary school teacher": {"0": 0}, "job_Secretary/administrator": {"0": 0}, "job_Seismic interpreter": {"0": 0}, "job_Senior tax professional/tax inspector": {"0": 0}, "job_Set designer": {"0": 0}, "job_Site engineer": {"0": 0}, "job_Social research officer, government": {"0": 0}, "job_Social researcher": {"0": 0}, "job_Software engineer": {"0": 0}, "job_Soil scientist": {"0": 0}, "job_Solicitor, Scotland": {"0": 0}, "job_Special educational needs teacher": {"0": 0}, "job_Special effects artist": {"0": 0}, "job_Sport and exercise psychologist": {"0": 0}, "job_Sports administrator": {"0": 0}, "job_Sports development officer": {"0": 0}, "job_Stage manager": {"0": 0}, "job_Statistician": {"0": 0}, "job_Structural engineer": {"0": 0}, "job_Sub": {"0": 0}, "job_Surgeon": {"0": 0}, "job_Surveyor, hydrographic": {"0": 0}, "job_Surveyor, land/geomatics": {"0": 0}, "job_Surveyor, minerals": {"0": 0}, "job_Surveyor, mining": {"0": 0}, "job_Surveyor, rural practice": {"0": 0}, "job_Systems analyst": {"0": 0}, "job_Systems developer": {"0": 0}, "job_TEFL teacher": {"0": 0}, "job_Tax adviser": {"0": 0}, "job_Tax inspector": {"0": 0}, "job_Teacher, English as a foreign language": {"0": 0}, "job_Teacher, adult education": {"0": 0}, "job_Teacher, early years/pre": {"0": 0}, "job_Teacher, primary school": {"0": 0}, "job_Teacher, secondary school": {"0": 0}, "job_Teacher, special educational needs": {"0": 0}, "job_Teaching laboratory technician": {"0": 0}, "job_Technical brewer": {"0": 0}, "job_Telecommunications researcher": {"0": 0}, "job_Television camera operator": {"0": 0}, "job_Television floor manager": {"0": 0}, "job_Television production assistant": {"0": 0}, "job_Television/film/video producer": {"0": 0}, "job_Textile designer": {"0": 0}, "job_Theatre director": {"0": 0}, "job_Theatre manager": {"0": 0}, "job_Theme park manager": {"0": 0}, "job_Therapist, art": {"0": 0}, "job_Therapist, drama": {"0": 0}, "job_Therapist, horticultural": {"0": 0}, "job_Therapist, music": {"0": 0}, "job_Therapist, occupational": {"0": 0}, "job_Therapist, sports": {"0": 0}, "job_Tour manager": {"0": 0}, "job_Tourism officer": {"0": 0}, "job_Tourist information centre manager": {"0": 0}, "job_Town planner": {"0": 0}, "job_Toxicologist": {"0": 0}, "job_Trade mark attorney": {"0": 0}, "job_Trading standards officer": {"0": 0}, "job_Training and development officer": {"0": 0}, "job_Transport planner": {"0": 0}, "job_Travel agency manager": {"0": 0}, "job_Tree surgeon": {"0": 0}, "job_Video editor": {"0": 0}, "job_Visual merchandiser": {"0": 0}, "job_Volunteer coordinator": {"0": 0}, "job_Warden/ranger": {"0": 0}, "job_Waste management officer": {"0": 0}, "job_Water engineer": {"0": 0}, "job_Water quality scientist": {"0": 0}, "job_Web designer": {"0": 0}, "job_Wellsite geologist": {"0": 0}, "job_Writer": {"0": 0}}, "prediction": "Secure"}, {"cc_num": "454342234", "gender": "M", "trans_num": "234354232b4rfnhh342", "prediction": "Secure"}], "test2@user": [{"cc_num": "2714019737356678", "gender": "F", "trans_num": "9848478758f1a3d08e475cc30787a5bf", "prediction": "Fraud"}]}